,Unnamed: 0,date,time,comp,round,day,venue,result,gf,ga,opponent,xg,xga,poss,attendance,captain,formation,referee,match report,team,Matchup,team_code,ref_code,opp_code
0,1,2023-08-11,20:00,Premier League,Matchweek 1,0,0,3,3.0,0.0,burnley,1.9,0.3,65.0,21572.0,Kevin De Bruyne,4-2-3-1,Craig Pawson,Match Report,manchester city,burnley vs manchester city,12,3,5
1,3,2023-08-19,20:00,Premier League,Matchweek 2,2,1,3,1.0,0.0,newcastle utd,1.0,0.3,59.0,53419.0,Kyle Walker,4-2-3-1,Robert Jones,Match Report,manchester city,newcastle utd vs manchester city,12,17,13
2,4,2023-08-27,14:00,Premier League,Matchweek 3,3,0,3,2.0,1.0,sheffield utd,3.5,0.7,79.0,31336.0,Kyle Walker,4-2-3-1,Jarred Gillett,Match Report,manchester city,sheffield utd vs manchester city,12,8,15
3,5,2023-09-02,15:00,Premier League,Matchweek 4,2,1,3,5.0,1.0,fulham,2.2,1.4,68.0,52899.0,Kyle Walker,4-2-3-1,Michael Oliver,Match Report,manchester city,fulham vs manchester city,12,12,9
4,6,2023-09-16,15:00,Premier League,Matchweek 5,2,0,3,3.0,1.0,west ham,3.6,0.9,68.0,62475.0,Kyle Walker,4-2-3-1,Andy Madley,Match Report,manchester city,west ham vs manchester city,12,0,17
5,8,2023-09-23,15:00,Premier League,Matchweek 6,2,1,3,2.0,0.0,nott'ham forest,1.3,1.0,57.0,53413.0,Kyle Walker,4-2-3-1,Anthony Taylor,Match Report,manchester city,nott'ham forest vs manchester city,12,1,14
6,10,2023-09-30,15:00,Premier League,Matchweek 7,2,0,0,1.0,2.0,wolves,0.9,0.4,68.0,31415.0,Kyle Walker,4-2-3-1,Craig Pawson,Match Report,manchester city,wolves vs manchester city,12,3,18
7,12,2023-10-08,16:30,Premier League,Matchweek 8,3,0,0,0.0,1.0,arsenal,0.5,0.4,51.0,60233.0,Kyle Walker,4/3/2003,Michael Oliver,Match Report,manchester city,arsenal vs manchester city,12,12,0
8,13,2023-10-21,15:00,Premier League,Matchweek 9,2,1,3,2.0,1.0,brighton,0.8,0.8,55.0,53466.0,Kyle Walker,3-2-4-1,Robert Jones,Match Report,manchester city,brighton vs manchester city,12,17,4
9,15,2023-10-29,15:30,Premier League,Matchweek 10,3,0,3,3.0,0.0,manchester utd,4.0,0.9,60.0,73502.0,Kyle Walker,4-2-3-1,Paul Tierney,Match Report,manchester city,manchester utd vs manchester city,12,14,12
10,16,2023-11-04,15:00,Premier League,Matchweek 11,2,1,3,6.0,1.0,bournemouth,1.9,0.9,65.0,53358.0,Kyle Walker,3/4/2003,Craig Pawson,Match Report,manchester city,bournemouth vs manchester city,12,3,2
11,18,2023-11-12,16:30,Premier League,Matchweek 12,3,0,1,4.0,4.0,chelsea,2.9,2.9,55.0,39532.0,Kyle Walker,3-2-4-1,Anthony Taylor,Match Report,manchester city,chelsea vs manchester city,12,1,6
12,19,2023-11-25,12:30,Premier League,Matchweek 13,2,1,1,1.0,1.0,liverpool,1.3,0.6,59.0,53289.0,Kyle Walker,3-2-4-1,Chris Kavanagh,Match Report,manchester city,liverpool vs manchester city,12,2,10
13,21,2023-12-03,16:30,Premier League,Matchweek 14,3,1,1,3.0,3.0,tottenham,2.6,0.5,55.0,53473.0,Kyle Walker,3-2-4-1,Simon Hooper,Match Report,manchester city,tottenham vs manchester city,12,21,16
14,22,2023-12-06,20:15,Premier League,Matchweek 15,6,0,0,0.0,1.0,aston villa,0.6,2.3,54.0,41421.0,Kyle Walker,3-2-4-1,John Brooks,Match Report,manchester city,aston villa vs manchester city,12,9,1
15,23,2023-12-10,14:00,Premier League,Matchweek 16,3,0,3,2.0,1.0,luton town,1.6,0.3,65.0,11047.0,Kyle Walker,4-2-3-1,Tim Robinson,Match Report,manchester city,luton town vs manchester city,12,25,11
16,25,2023-12-16,15:00,Premier League,Matchweek 17,2,1,1,2.0,2.0,crystal palace,1.6,1.8,74.0,53248.0,Kyle Walker,4-2-3-1,Paul Tierney,Match Report,manchester city,crystal palace vs manchester city,12,14,7
17,26,2023-12-27,20:15,Premier League,Matchweek 19,6,0,3,3.0,1.0,everton,2.4,1.0,72.0,39327.0,Kyle Walker,4-2-3-1,John Brooks,Match Report,manchester city,everton vs manchester city,12,9,8
18,27,2023-12-30,15:00,Premier League,Matchweek 20,2,1,3,2.0,0.0,sheffield utd,2.2,0.3,80.0,53108.0,Kyle Walker,4-2-3-1,David Coote,Match Report,manchester city,sheffield utd vs manchester city,12,6,15
19,29,2024-01-13,17:30,Premier League,Matchweek 21,2,0,3,3.0,2.0,newcastle utd,3.0,1.3,72.0,52190.0,Kyle Walker,4-2-3-1,Chris Kavanagh,Match Report,manchester city,newcastle utd vs manchester city,12,2,13
20,31,2024-01-31,19:30,Premier League,Matchweek 22,6,1,3,3.0,1.0,burnley,1.7,1.4,74.0,52143.0,Kevin De Bruyne,4-2-3-1,Samuel Barrott,Match Report,manchester city,burnley vs manchester city,12,20,5
21,32,2024-02-05,20:00,Premier League,Matchweek 23,1,0,3,3.0,1.0,brentford,2.1,1.0,72.0,17096.0,Kyle Walker,4-1-4-1,Jarred Gillett,Match Report,manchester city,brentford vs manchester city,12,8,3
22,33,2024-02-10,12:30,Premier League,Matchweek 24,2,1,3,2.0,0.0,everton,1.6,0.3,72.0,52187.0,Rúben Dias,4-1-4-1,John Brooks,Match Report,manchester city,everton vs manchester city,12,9,8
23,35,2024-02-17,17:30,Premier League,Matchweek 25,2,1,1,1.0,1.0,chelsea,2.6,1.4,70.0,52178.0,Kyle Walker,4-1-4-1,Andy Madley,Match Report,manchester city,chelsea vs manchester city,12,0,6
24,36,2024-02-20,19:30,Premier League,Matchweek 18,5,1,3,1.0,0.0,brentford,2.3,0.4,70.0,52247.0,Kyle Walker,4-2-3-1,Darren England,Match Report,manchester city,brentford vs manchester city,12,5,3
25,37,2024-02-24,17:30,Premier League,Matchweek 26,2,0,3,1.0,0.0,bournemouth,1.6,0.9,62.0,11184.0,Rúben Dias,3-2-4-1,Jarred Gillett,Match Report,manchester city,bournemouth vs manchester city,12,8,2
26,39,2024-03-03,15:30,Premier League,Matchweek 27,3,1,3,3.0,1.0,manchester utd,3.3,0.2,73.0,53514.0,Kyle Walker,3-2-4-1,Andy Madley,Match Report,manchester city,manchester utd vs manchester city,12,0,12
27,41,2024-03-10,15:45,Premier League,Matchweek 28,3,0,1,1.0,1.0,liverpool,1.6,2.7,47.0,59947.0,Kyle Walker,3-2-4-1,Michael Oliver,Match Report,manchester city,liverpool vs manchester city,12,12,10
28,43,2024-03-31,16:30,Premier League,Matchweek 30,3,1,1,0.0,0.0,arsenal,1.0,0.7,72.0,52178.0,Kevin De Bruyne,4-1-4-1,Anthony Taylor,Match Report,manchester city,arsenal vs manchester city,12,1,0
29,44,2024-04-03,20:15,Premier League,Matchweek 31,6,1,3,4.0,1.0,aston villa,3.4,0.8,67.0,53422.0,Rúben Dias,4-2-3-1,Darren England,Match Report,manchester city,aston villa vs manchester city,12,5,1
30,45,2024-04-06,12:30,Premier League,Matchweek 32,2,0,3,4.0,2.0,crystal palace,1.9,1.1,75.0,25132.0,Kevin De Bruyne,3-2-4-1,Paul Tierney,Match Report,manchester city,crystal palace vs manchester city,12,14,7
31,47,2024-04-13,15:00,Premier League,Matchweek 33,2,1,3,5.0,1.0,luton town,4.2,0.5,73.0,,Kevin De Bruyne,4-2-3-1,John Brooks,Match Report,manchester city,luton town vs manchester city,12,9,11
38,1,2023-08-12,12:30,Premier League,Matchweek 1,2,1,3,2.0,1.0,nott'ham forest,0.8,1.2,78.0,59984.0,Martin Ødegaard,4/3/2003,Michael Oliver,Match Report,arsenal,nott'ham forest vs arsenal,0,12,14
39,2,2023-08-21,20:00,Premier League,Matchweek 2,1,0,3,1.0,0.0,crystal palace,2.0,1.0,53.0,24189.0,Martin Ødegaard,4/3/2003,David Coote,Match Report,arsenal,crystal palace vs arsenal,0,6,7
40,3,2023-08-26,15:00,Premier League,Matchweek 3,2,1,1,2.0,2.0,fulham,3.2,0.6,71.0,59961.0,Martin Ødegaard,4/3/2003,Paul Tierney,Match Report,arsenal,fulham vs arsenal,0,14,9
41,4,2023-09-03,16:30,Premier League,Matchweek 4,3,1,3,3.0,1.0,manchester utd,2.3,0.9,55.0,60192.0,Martin Ødegaard,4/3/2003,Anthony Taylor,Match Report,arsenal,manchester utd vs arsenal,0,1,12
42,5,2023-09-17,16:30,Premier League,Matchweek 5,3,0,3,1.0,0.0,everton,1.0,0.3,74.0,39217.0,Martin Ødegaard,4/3/2003,Simon Hooper,Match Report,arsenal,everton vs arsenal,0,21,8
43,7,2023-09-24,14:00,Premier League,Matchweek 6,3,1,1,2.0,2.0,tottenham,1.8,1.4,47.0,60156.0,Martin Ødegaard,4/3/2003,Robert Jones,Match Report,arsenal,tottenham vs arsenal,0,17,16
44,9,2023-09-30,15:00,Premier League,Matchweek 7,2,0,3,4.0,0.0,bournemouth,3.4,0.6,57.0,11193.0,Martin Ødegaard,4/3/2003,Michael Salisbury,Match Report,arsenal,bournemouth vs arsenal,0,13,2
46,12,2023-10-21,17:30,Premier League,Matchweek 9,2,0,1,2.0,2.0,chelsea,1.0,1.3,56.0,39723.0,Martin Ødegaard,4/3/2003,Chris Kavanagh,Match Report,arsenal,chelsea vs arsenal,0,2,6
47,14,2023-10-28,15:00,Premier League,Matchweek 10,2,1,3,5.0,0.0,sheffield utd,2.8,0.0,67.0,60153.0,Bukayo Saka,4/3/2003,Tim Robinson,Match Report,arsenal,sheffield utd vs arsenal,0,25,15
48,16,2023-11-04,17:30,Premier League,Matchweek 11,2,0,0,0.0,1.0,newcastle utd,0.6,1.0,58.0,52194.0,Jorginho,4/3/2003,Stuart Attwell,Match Report,arsenal,newcastle utd vs arsenal,0,22,13
49,18,2023-11-11,15:00,Premier League,Matchweek 12,2,1,3,3.0,1.0,burnley,1.8,0.3,63.0,60232.0,Jorginho,4/3/2003,Michael Oliver,Match Report,arsenal,burnley vs arsenal,0,12,5
50,19,2023-11-25,17:30,Premier League,Matchweek 13,2,0,3,1.0,0.0,brentford,1.6,1.1,63.0,17201.0,Martin Ødegaard,4/3/2003,Tim Robinson,Match Report,arsenal,brentford vs arsenal,0,25,3
51,21,2023-12-02,15:00,Premier League,Matchweek 14,2,1,3,2.0,1.0,wolves,2.8,0.7,57.0,60262.0,Martin Ødegaard,4/3/2003,Peter Bankes,Match Report,arsenal,wolves vs arsenal,0,15,18
52,22,2023-12-05,20:15,Premier League,Matchweek 15,5,0,3,4.0,3.0,luton town,2.2,0.5,66.0,11031.0,Martin Ødegaard,4/3/2003,Samuel Barrott,Match Report,arsenal,luton town vs arsenal,0,20,11
53,23,2023-12-09,17:30,Premier League,Matchweek 16,2,0,0,0.0,1.0,aston villa,1.4,0.6,61.0,42000.0,Martin Ødegaard,4/3/2003,Jarred Gillett,Match Report,arsenal,aston villa vs arsenal,0,8,1
54,25,2023-12-17,14:00,Premier League,Matchweek 17,3,1,3,2.0,0.0,brighton,2.3,0.7,49.0,60257.0,Martin Ødegaard,4/3/2003,Tim Robinson,Match Report,arsenal,brighton vs arsenal,0,25,4
55,26,2023-12-23,17:30,Premier League,Matchweek 18,2,0,1,1.0,1.0,liverpool,0.7,1.0,48.0,57548.0,Martin Ødegaard,4/3/2003,Chris Kavanagh,Match Report,arsenal,liverpool vs arsenal,0,2,10
56,27,2023-12-28,20:15,Premier League,Matchweek 19,4,1,0,0.0,2.0,west ham,2.7,1.4,73.0,60261.0,Martin Ødegaard,4/3/2003,Michael Oliver,Match Report,arsenal,west ham vs arsenal,0,12,17
57,28,2023-12-31,14:00,Premier League,Matchweek 20,3,0,0,1.0,2.0,fulham,1.6,1.2,60.0,24444.0,Martin Ødegaard,4/3/2003,Joshua Smith,Match Report,arsenal,fulham vs arsenal,0,10,9
58,30,2024-01-20,12:30,Premier League,Matchweek 21,2,1,3,5.0,0.0,crystal palace,3.3,0.3,60.0,60284.0,Martin Ødegaard,4/3/2003,Paul Tierney,Match Report,arsenal,crystal palace vs arsenal,0,14,7
59,31,2024-01-30,19:30,Premier League,Matchweek 22,5,0,3,2.0,1.0,nott'ham forest,1.2,0.5,73.0,29387.0,Martin Ødegaard,4/3/2003,Simon Hooper,Match Report,arsenal,nott'ham forest vs arsenal,0,21,14
60,32,2024-02-04,16:30,Premier League,Matchweek 23,3,1,3,3.0,1.0,liverpool,3.5,0.4,43.0,60374.0,Martin Ødegaard,4/3/2003,Anthony Taylor,Match Report,arsenal,liverpool vs arsenal,0,1,10
61,33,2024-02-11,14:00,Premier League,Matchweek 24,3,0,3,6.0,0.0,west ham,3.6,0.2,70.0,62475.0,Martin Ødegaard,4/3/2003,Craig Pawson,Match Report,arsenal,west ham vs arsenal,0,3,17
62,34,2024-02-17,15:00,Premier League,Matchweek 25,2,0,3,5.0,0.0,burnley,2.3,0.3,64.0,21311.0,Martin Ødegaard,4/3/2003,Jarred Gillett,Match Report,arsenal,burnley vs arsenal,0,8,5
63,36,2024-02-24,20:00,Premier League,Matchweek 26,2,1,3,4.0,1.0,newcastle utd,2.8,0.2,55.0,60298.0,Martin Ødegaard,4/3/2003,Paul Tierney,Match Report,arsenal,newcastle utd vs arsenal,0,14,13
64,37,2024-03-04,20:00,Premier League,Matchweek 27,1,0,3,6.0,0.0,sheffield utd,2.3,0.2,80.0,29157.0,Martin Ødegaard,4/3/2003,Samuel Barrott,Match Report,arsenal,sheffield utd vs arsenal,0,20,15
65,38,2024-03-09,17:30,Premier League,Matchweek 28,2,1,3,2.0,1.0,brentford,1.3,1.0,71.0,60331.0,Martin Ødegaard,4/3/2003,Robert Jones,Match Report,arsenal,brentford vs arsenal,0,17,3
67,41,2024-04-03,19:30,Premier League,Matchweek 31,6,1,3,2.0,0.0,luton town,0.7,0.3,58.0,60262.0,Martin Ødegaard,4/3/2003,Craig Pawson,Match Report,arsenal,luton town vs arsenal,0,3,11
68,42,2024-04-06,17:30,Premier League,Matchweek 32,2,0,3,3.0,0.0,brighton,3.4,0.5,46.0,31677.0,Martin Ødegaard,4/3/2003,John Brooks,Match Report,arsenal,brighton vs arsenal,0,9,4
69,44,2024-04-14,16:30,Premier League,Matchweek 33,3,1,0,0.0,2.0,aston villa,1.6,1.1,52.0,60350.0,Martin Ødegaard,4/3/2003,David Coote,Match Report,arsenal,aston villa vs arsenal,0,6,1
76,0,2023-08-13,16:30,Premier League,Matchweek 1,3,0,1,1.0,1.0,chelsea,1.3,1.4,35.0,40096.0,Virgil van Dijk,4/3/2003,Anthony Taylor,Match Report,liverpool,chelsea vs liverpool,10,1,6
77,1,2023-08-19,15:00,Premier League,Matchweek 2,2,1,3,3.0,1.0,bournemouth,3.0,1.3,64.0,53145.0,Virgil van Dijk,4/3/2003,Thomas Bramall,Match Report,liverpool,bournemouth vs liverpool,10,24,2
78,2,2023-08-27,16:30,Premier League,Matchweek 3,3,0,3,2.0,1.0,newcastle utd,0.9,2.0,41.0,52214.0,Virgil van Dijk,4/3/2003,John Brooks,Match Report,liverpool,newcastle utd vs liverpool,10,9,13
79,3,2023-09-03,14:00,Premier League,Matchweek 4,3,1,3,3.0,0.0,aston villa,2.5,0.7,63.0,50109.0,Trent Alexander-Arnold,4/3/2003,Simon Hooper,Match Report,liverpool,aston villa vs liverpool,10,21,1
80,4,2023-09-16,12:30,Premier League,Matchweek 5,2,0,3,3.0,1.0,wolves,2.5,0.6,65.0,31257.0,Andrew Robertson,4/3/2003,Michael Oliver,Match Report,liverpool,wolves vs liverpool,10,12,18
81,6,2023-09-24,14:00,Premier League,Matchweek 6,3,1,3,3.0,1.0,west ham,3.0,1.1,63.0,50136.0,Virgil van Dijk,4/3/2003,Chris Kavanagh,Match Report,liverpool,west ham vs liverpool,10,2,17
82,8,2023-09-30,17:30,Premier League,Matchweek 7,2,0,0,1.0,2.0,tottenham,1.3,2.2,36.0,62001.0,Virgil van Dijk,4/3/2003,Simon Hooper,Match Report,liverpool,tottenham vs liverpool,10,21,16
83,10,2023-10-08,14:00,Premier League,Matchweek 8,3,0,1,2.0,2.0,brighton,2.3,2.3,54.0,31752.0,Virgil van Dijk,4/3/2003,Anthony Taylor,Match Report,liverpool,brighton vs liverpool,10,1,4
84,11,2023-10-21,12:30,Premier League,Matchweek 9,2,1,3,2.0,0.0,everton,2.2,0.1,77.0,50201.0,Virgil van Dijk,4/3/2003,Craig Pawson,Match Report,liverpool,everton vs liverpool,10,3,8
85,13,2023-10-29,14:00,Premier League,Matchweek 10,3,1,3,3.0,0.0,nott'ham forest,3.2,0.4,72.0,50143.0,Virgil van Dijk,4/3/2003,Chris Kavanagh,Match Report,liverpool,nott'ham forest vs liverpool,10,2,14
86,15,2023-11-05,16:30,Premier League,Matchweek 11,3,0,1,1.0,1.0,luton town,2.6,0.8,73.0,11049.0,Virgil van Dijk,4/3/2003,Andy Madley,Match Report,liverpool,luton town vs liverpool,10,0,11
87,17,2023-11-12,14:00,Premier League,Matchweek 12,3,1,3,3.0,0.0,brentford,1.7,1.6,58.0,50151.0,Virgil van Dijk,4/3/2003,Paul Tierney,Match Report,liverpool,brentford vs liverpool,10,14,3
89,20,2023-12-03,14:00,Premier League,Matchweek 14,3,1,3,4.0,3.0,fulham,2.1,1.2,61.0,50124.0,Virgil van Dijk,4/3/2003,Stuart Attwell,Match Report,liverpool,fulham vs liverpool,10,22,9
90,21,2023-12-06,19:30,Premier League,Matchweek 15,6,0,3,2.0,0.0,sheffield utd,1.7,1.0,75.0,31406.0,Virgil van Dijk,4/3/2003,Simon Hooper,Match Report,liverpool,sheffield utd vs liverpool,10,21,15
91,22,2023-12-09,12:30,Premier League,Matchweek 16,2,0,3,2.0,1.0,crystal palace,1.2,1.7,76.0,25103.0,Virgil van Dijk,4/3/2003,Andy Madley,Match Report,liverpool,crystal palace vs liverpool,10,0,7
92,24,2023-12-17,16:30,Premier League,Matchweek 17,3,1,1,0.0,0.0,manchester utd,2.3,0.8,68.0,57158.0,Virgil van Dijk,4/3/2003,Michael Oliver,Match Report,liverpool,manchester utd vs liverpool,10,12,12
94,27,2023-12-26,17:30,Premier League,Matchweek 19,5,0,3,2.0,0.0,burnley,1.8,0.8,68.0,21624.0,Virgil van Dijk,4/3/2003,Paul Tierney,Match Report,liverpool,burnley vs liverpool,10,14,5
95,28,2024-01-01,20:00,Premier League,Matchweek 20,1,1,3,4.0,2.0,newcastle utd,7.0,0.6,61.0,57471.0,Virgil van Dijk,4/3/2003,Anthony Taylor,Match Report,liverpool,newcastle utd vs liverpool,10,1,13
96,31,2024-01-21,16:30,Premier League,Matchweek 21,3,0,3,4.0,0.0,bournemouth,1.5,1.4,60.0,11228.0,Virgil van Dijk,4/3/2003,Andy Madley,Match Report,liverpool,bournemouth vs liverpool,10,0,2
97,34,2024-01-31,20:15,Premier League,Matchweek 22,6,1,3,4.0,1.0,chelsea,2.9,0.6,50.0,57524.0,Virgil van Dijk,4/3/2003,Paul Tierney,Match Report,liverpool,chelsea vs liverpool,10,14,6
99,36,2024-02-10,15:00,Premier League,Matchweek 24,2,1,3,3.0,1.0,burnley,2.8,1.3,70.0,59896.0,Virgil van Dijk,4/3/2003,Tim Robinson,Match Report,liverpool,burnley vs liverpool,10,25,5
100,37,2024-02-17,12:30,Premier League,Matchweek 25,2,0,3,4.0,1.0,brentford,2.8,1.6,62.0,17193.0,Virgil van Dijk,4/3/2003,Michael Oliver,Match Report,liverpool,brentford vs liverpool,10,12,3
101,38,2024-02-21,19:30,Premier League,Matchweek 26,6,1,3,4.0,1.0,luton town,3.3,0.9,60.0,59713.0,Virgil van Dijk,4/3/2003,Andy Madley,Match Report,liverpool,luton town vs liverpool,10,0,11
102,41,2024-03-02,15:00,Premier League,Matchweek 27,2,0,3,1.0,0.0,nott'ham forest,2.0,1.0,69.0,29603.0,Virgil van Dijk,4/3/2003,Paul Tierney,Match Report,liverpool,nott'ham forest vs liverpool,10,14,14
104,46,2024-03-31,14:00,Premier League,Matchweek 30,3,1,3,2.0,1.0,brighton,2.8,0.5,55.0,60061.0,Virgil van Dijk,4/3/2003,David Coote,Match Report,liverpool,brighton vs liverpool,10,6,4
105,47,2024-04-04,19:30,Premier League,Matchweek 31,4,1,3,3.0,1.0,sheffield utd,1.8,0.6,82.0,60055.0,Virgil van Dijk,4/3/2003,Stuart Attwell,Match Report,liverpool,sheffield utd vs liverpool,10,22,15
106,48,2024-04-07,15:30,Premier League,Matchweek 32,3,0,1,2.0,2.0,manchester utd,3.6,0.7,62.0,73501.0,Virgil van Dijk,4/3/2003,Anthony Taylor,Match Report,liverpool,manchester utd vs liverpool,10,1,12
107,50,2024-04-14,14:00,Premier League,Matchweek 33,3,1,0,0.0,1.0,crystal palace,2.7,1.9,69.0,60090.0,Virgil van Dijk,4/3/2003,Chris Kavanagh,Match Report,liverpool,crystal palace vs liverpool,10,2,7
114,0,2023-08-12,17:30,Premier League,Matchweek 1,2,0,0,1.0,5.0,newcastle utd,1.8,3.3,48.0,52207.0,John McGinn,4-2-3-1,Andy Madley,Match Report,aston villa,newcastle utd vs aston villa,1,0,13
115,1,2023-08-20,14:00,Premier League,Matchweek 2,3,1,3,4.0,0.0,everton,2.9,0.6,60.0,41694.0,John McGinn,4-2-3-1,Anthony Taylor,Match Report,aston villa,everton vs aston villa,1,1,8
116,3,2023-08-27,14:00,Premier League,Matchweek 3,3,0,3,3.0,1.0,burnley,2.5,0.7,43.0,21591.0,John McGinn,3/4/2003,Michael Salisbury,Match Report,aston villa,burnley vs aston villa,1,13,5
118,6,2023-09-16,15:00,Premier League,Matchweek 5,2,1,3,3.0,1.0,crystal palace,3.0,1.2,66.0,40809.0,John McGinn,4-2-3-1,Darren England,Match Report,aston villa,crystal palace vs aston villa,1,5,7
119,8,2023-09-24,14:00,Premier League,Matchweek 6,3,0,3,1.0,0.0,chelsea,1.0,1.3,47.0,39700.0,John McGinn,4-2-3-1,Jarred Gillett,Match Report,aston villa,chelsea vs aston villa,1,8,6
120,10,2023-09-30,12:30,Premier League,Matchweek 7,2,1,3,6.0,1.0,brighton,1.6,1.7,39.0,40636.0,John McGinn,4-2-3-1,Andy Madley,Match Report,aston villa,brighton vs aston villa,1,0,4
121,12,2023-10-08,14:00,Premier League,Matchweek 8,3,0,1,1.0,1.0,wolves,1.6,1.7,53.0,31425.0,John McGinn,4/4/2002,Robert Jones,Match Report,aston villa,wolves vs aston villa,1,17,18
122,13,2023-10-22,16:30,Premier League,Matchweek 9,3,1,3,4.0,1.0,west ham,1.9,1.1,58.0,41734.0,John McGinn,4/4/2002,David Coote,Match Report,aston villa,west ham vs aston villa,1,6,17
123,15,2023-10-29,14:00,Premier League,Matchweek 10,3,1,3,3.0,1.0,luton town,2.3,0.5,70.0,41785.0,John McGinn,4/4/2002,John Brooks,Match Report,aston villa,luton town vs aston villa,1,9,11
124,16,2023-11-05,14:00,Premier League,Matchweek 11,3,0,0,0.0,2.0,nott'ham forest,1.2,0.4,73.0,29313.0,John McGinn,4/4/2002,Jarred Gillett,Match Report,aston villa,nott'ham forest vs aston villa,1,8,14
125,18,2023-11-12,14:00,Premier League,Matchweek 12,3,1,3,3.0,1.0,fulham,3.0,0.9,51.0,41608.0,John McGinn,4-2-2-2,Simon Hooper,Match Report,aston villa,fulham vs aston villa,1,21,9
126,19,2023-11-26,14:00,Premier League,Matchweek 13,3,0,3,2.0,1.0,tottenham,1.7,2.3,38.0,61679.0,John McGinn,4/4/2002,Robert Jones,Match Report,aston villa,tottenham vs aston villa,1,17,16
127,21,2023-12-03,14:00,Premier League,Matchweek 14,3,0,1,2.0,2.0,bournemouth,0.7,2.0,62.0,11191.0,John McGinn,4/4/2002,Thomas Bramall,Match Report,aston villa,bournemouth vs aston villa,1,24,2
130,25,2023-12-17,14:00,Premier League,Matchweek 17,3,0,3,2.0,1.0,brentford,1.4,0.5,66.0,17034.0,John McGinn,3/5/2002,David Coote,Match Report,aston villa,brentford vs aston villa,1,6,3
131,26,2023-12-22,20:00,Premier League,Matchweek 18,0,1,1,1.0,1.0,sheffield utd,0.9,0.6,77.0,41651.0,John McGinn,4-4-1-1,Anthony Taylor,Match Report,aston villa,sheffield utd vs aston villa,1,1,15
132,27,2023-12-26,20:00,Premier League,Matchweek 19,5,0,0,2.0,3.0,manchester utd,1.7,1.1,54.0,73574.0,John McGinn,4-2-3-1,Craig Pawson,Match Report,aston villa,manchester utd vs aston villa,1,3,12
133,28,2023-12-30,15:00,Premier League,Matchweek 20,2,1,3,3.0,2.0,burnley,3.2,1.2,64.0,41613.0,John McGinn,4-4-1-1,Stuart Attwell,Match Report,aston villa,burnley vs aston villa,1,22,5
134,30,2024-01-14,14:00,Premier League,Matchweek 21,3,0,1,0.0,0.0,everton,1.2,1.1,68.0,39284.0,John McGinn,4/4/2002,David Coote,Match Report,aston villa,everton vs aston villa,1,6,8
135,32,2024-01-30,20:15,Premier League,Matchweek 22,5,1,0,1.0,3.0,newcastle utd,1.4,2.6,61.0,42191.0,John McGinn,4/4/2002,John Brooks,Match Report,aston villa,newcastle utd vs aston villa,1,9,13
136,33,2024-02-03,17:30,Premier League,Matchweek 23,2,0,3,5.0,0.0,sheffield utd,2.2,1.4,63.0,30187.0,John McGinn,4-2-3-1,Paul Tierney,Match Report,aston villa,sheffield utd vs aston villa,1,14,15
137,35,2024-02-11,16:30,Premier League,Matchweek 24,3,1,0,1.0,2.0,manchester utd,2.4,1.8,56.0,42185.0,John McGinn,4-2-3-1,Robert Jones,Match Report,aston villa,manchester utd vs aston villa,1,17,12
138,36,2024-02-17,15:00,Premier League,Matchweek 25,2,0,3,2.0,1.0,fulham,1.5,1.5,48.0,24401.0,John McGinn,4-2-3-1,Lewis Smith,Match Report,aston villa,fulham vs aston villa,1,11,9
139,37,2024-02-24,15:00,Premier League,Matchweek 26,2,1,3,4.0,2.0,nott'ham forest,3.6,2.6,58.0,42131.0,John McGinn,4-2-3-1,Samuel Barrott,Match Report,aston villa,nott'ham forest vs aston villa,1,20,14
140,38,2024-03-02,17:30,Premier League,Matchweek 27,2,0,3,3.0,2.0,luton town,1.9,1.8,54.0,11594.0,John McGinn,4-2-3-1,Michael Oliver,Match Report,aston villa,luton town vs aston villa,1,12,11
141,40,2024-03-10,13:00,Premier League,Matchweek 28,3,1,0,0.0,4.0,tottenham,0.8,1.5,32.0,42310.0,John McGinn,5/3/2002,Chris Kavanagh,Match Report,aston villa,tottenham vs aston villa,1,2,16
142,42,2024-03-17,14:00,Premier League,Matchweek 29,3,0,1,1.0,1.0,west ham,0.7,2.0,69.0,62461.0,Emiliano Martínez,4/4/2002,Jarred Gillett,Match Report,aston villa,west ham vs aston villa,1,8,17
143,43,2024-03-30,17:30,Premier League,Matchweek 30,2,1,3,2.0,0.0,wolves,1.0,1.5,48.0,45314.0,Emiliano Martínez,4/4/2002,Paul Tierney,Match Report,aston villa,wolves vs aston villa,1,14,18
145,45,2024-04-06,15:00,Premier League,Matchweek 32,2,1,1,3.0,3.0,brentford,1.5,1.5,69.0,42118.0,John McGinn,4-4-1-1,Michael Salisbury,Match Report,aston villa,brentford vs aston villa,1,13,3
152,0,2023-08-13,14:00,Premier League,Matchweek 1,3,0,1,2.0,2.0,brentford,1.3,2.2,69.0,17066.0,Son Heung-min,4-2-3-1,Robert Jones,Match Report,tottenham hotspur,brentford vs tottenham hotspur,16,17,3
153,1,2023-08-19,17:30,Premier League,Matchweek 2,2,1,3,2.0,0.0,manchester utd,1.7,2.1,55.0,61910.0,Son Heung-min,4-2-3-1,Michael Oliver,Match Report,tottenham hotspur,manchester utd vs tottenham hotspur,16,12,12
154,2,2023-08-26,12:30,Premier League,Matchweek 3,2,0,3,2.0,0.0,bournemouth,2.1,0.7,56.0,10567.0,Son Heung-min,4-2-3-1,Tim Robinson,Match Report,tottenham hotspur,bournemouth vs tottenham hotspur,16,25,2
155,4,2023-09-02,15:00,Premier League,Matchweek 4,2,0,3,5.0,2.0,burnley,2.2,1.3,53.0,21750.0,Son Heung-min,4-2-3-1,Darren England,Match Report,tottenham hotspur,burnley vs tottenham hotspur,16,5,5
156,5,2023-09-16,15:00,Premier League,Matchweek 5,2,1,3,2.0,1.0,sheffield utd,2.1,0.7,70.0,61706.0,Son Heung-min,4-2-3-1,Peter Bankes,Match Report,tottenham hotspur,sheffield utd vs tottenham hotspur,16,15,15
159,8,2023-10-07,12:30,Premier League,Matchweek 8,2,0,3,1.0,0.0,luton town,1.9,0.8,66.0,10290.0,Son Heung-min,4-2-3-1,John Brooks,Match Report,tottenham hotspur,luton town vs tottenham hotspur,16,9,11
160,9,2023-10-23,20:00,Premier League,Matchweek 9,1,1,3,2.0,0.0,fulham,1.5,1.0,55.0,61286.0,Son Heung-min,4-2-3-1,Anthony Taylor,Match Report,tottenham hotspur,fulham vs tottenham hotspur,16,1,9
161,10,2023-10-27,20:00,Premier League,Matchweek 10,0,0,3,2.0,1.0,crystal palace,1.1,0.6,75.0,25074.0,Son Heung-min,4-2-3-1,Andy Madley,Match Report,tottenham hotspur,crystal palace vs tottenham hotspur,16,0,7
162,11,2023-11-06,20:00,Premier League,Matchweek 11,1,1,0,1.0,4.0,chelsea,0.9,4.1,40.0,61726.0,Son Heung-min,4-2-3-1,Michael Oliver,Match Report,tottenham hotspur,chelsea vs tottenham hotspur,16,12,6
163,12,2023-11-11,12:30,Premier League,Matchweek 12,2,0,0,1.0,2.0,wolves,0.7,2.1,58.0,31642.0,Son Heung-min,4/3/2003,Tim Robinson,Match Report,tottenham hotspur,wolves vs tottenham hotspur,16,25,18
166,15,2023-12-07,20:15,Premier League,Matchweek 15,4,1,0,1.0,2.0,west ham,1.8,2.2,74.0,61171.0,Son Heung-min,4-2-3-1,Michael Salisbury,Match Report,tottenham hotspur,west ham vs tottenham hotspur,16,13,17
167,16,2023-12-10,16:30,Premier League,Matchweek 16,3,1,3,4.0,1.0,newcastle utd,3.8,1.7,56.0,61171.0,Son Heung-min,4-2-3-1,Chris Kavanagh,Match Report,tottenham hotspur,newcastle utd vs tottenham hotspur,16,2,13
168,17,2023-12-15,20:00,Premier League,Matchweek 17,0,0,3,2.0,0.0,nott'ham forest,1.5,1.3,66.0,29296.0,Son Heung-min,4-2-3-1,Jarred Gillett,Match Report,tottenham hotspur,nott'ham forest vs tottenham hotspur,16,8,14
169,18,2023-12-23,15:00,Premier League,Matchweek 18,2,1,3,2.0,1.0,everton,1.5,1.8,61.0,61808.0,Son Heung-min,4-2-3-1,Stuart Attwell,Match Report,tottenham hotspur,everton vs tottenham hotspur,16,22,8
170,19,2023-12-28,19:30,Premier League,Matchweek 19,4,0,0,2.0,4.0,brighton,2.3,3.2,55.0,31675.0,Son Heung-min,4-2-3-1,Jarred Gillett,Match Report,tottenham hotspur,brighton vs tottenham hotspur,16,8,4
171,20,2023-12-31,14:00,Premier League,Matchweek 20,3,1,3,3.0,1.0,bournemouth,2.3,1.7,50.0,61780.0,Son Heung-min,4/3/2003,Simon Hooper,Match Report,tottenham hotspur,bournemouth vs tottenham hotspur,16,21,2
172,22,2024-01-14,16:30,Premier League,Matchweek 21,3,0,1,2.0,2.0,manchester utd,1.2,0.8,63.0,73489.0,Cristian Romero,4/3/2003,John Brooks,Match Report,tottenham hotspur,manchester utd vs tottenham hotspur,16,9,12
173,24,2024-01-31,19:30,Premier League,Matchweek 22,6,1,3,3.0,2.0,brentford,2.9,1.6,67.0,61210.0,Cristian Romero,4-2-3-1,David Coote,Match Report,tottenham hotspur,brentford vs tottenham hotspur,16,6,3
174,25,2024-02-03,12:30,Premier League,Matchweek 23,2,0,1,2.0,2.0,everton,1.0,2.6,57.0,39321.0,Cristian Romero,4-2-3-1,Michael Oliver,Match Report,tottenham hotspur,everton vs tottenham hotspur,16,12,8
175,26,2024-02-10,15:00,Premier League,Matchweek 24,2,1,3,2.0,1.0,brighton,1.6,1.2,52.0,61445.0,Cristian Romero,4-2-3-1,Samuel Barrott,Match Report,tottenham hotspur,brighton vs tottenham hotspur,16,20,4
176,27,2024-02-17,15:00,Premier League,Matchweek 25,2,1,0,1.0,2.0,wolves,1.6,1.8,71.0,61532.0,Son Heung-min,4-2-3-1,Anthony Taylor,Match Report,tottenham hotspur,wolves vs tottenham hotspur,16,1,18
177,28,2024-03-02,15:00,Premier League,Matchweek 27,2,1,3,3.0,1.0,crystal palace,1.9,0.3,78.0,61339.0,Son Heung-min,4-2-3-1,John Brooks,Match Report,tottenham hotspur,crystal palace vs tottenham hotspur,16,9,7
179,30,2024-03-16,17:30,Premier League,Matchweek 29,2,0,0,0.0,3.0,fulham,2.4,2.6,57.0,24410.0,Son Heung-min,4-2-3-1,Robert Jones,Match Report,tottenham hotspur,fulham vs tottenham hotspur,16,17,9
180,31,2024-03-30,15:00,Premier League,Matchweek 30,2,1,3,2.0,1.0,luton town,2.9,0.5,70.0,61534.0,Son Heung-min,4-2-3-1,Jarred Gillett,Match Report,tottenham hotspur,luton town vs tottenham hotspur,16,8,11
181,32,2024-04-02,20:15,Premier League,Matchweek 31,5,0,1,1.0,1.0,west ham,1.0,1.5,67.0,62469.0,Son Heung-min,4-2-3-1,John Brooks,Match Report,tottenham hotspur,west ham vs tottenham hotspur,16,9,17
182,33,2024-04-07,18:00,Premier League,Matchweek 32,3,1,3,3.0,1.0,nott'ham forest,1.5,1.5,63.0,61098.0,Son Heung-min,4-2-3-1,Simon Hooper,Match Report,tottenham hotspur,nott'ham forest vs tottenham hotspur,16,21,14
183,34,2024-04-13,12:30,Premier League,Matchweek 33,2,0,0,0.0,4.0,newcastle utd,0.8,2.8,72.0,,Son Heung-min,4-2-3-1,Tim Robinson,Match Report,tottenham hotspur,newcastle utd vs tottenham hotspur,16,25,13
193,3,2023-09-02,17:30,Premier League,Matchweek 4,2,0,0,1.0,3.0,brighton,1.2,1.3,44.0,31620.0,Kieran Trippier,4/3/2003,Stuart Attwell,Match Report,newcastle united,brighton vs newcastle united,14,22,4
194,4,2023-09-16,17:30,Premier League,Matchweek 5,2,1,3,1.0,0.0,brentford,1.4,0.5,56.0,51670.0,Kieran Trippier,4/3/2003,Craig Pawson,Match Report,newcastle united,brentford vs newcastle united,14,3,3
195,6,2023-09-24,16:30,Premier League,Matchweek 6,3,0,3,8.0,0.0,sheffield utd,3.9,0.9,58.0,31127.0,Kieran Trippier,4/3/2003,Stuart Attwell,Match Report,newcastle united,sheffield utd vs newcastle united,14,22,15
196,8,2023-09-30,15:00,Premier League,Matchweek 7,2,1,3,2.0,0.0,burnley,3.1,0.6,53.0,51687.0,Jamaal Lascelles,4/3/2003,Thomas Bramall,Match Report,newcastle united,burnley vs newcastle united,14,24,5
197,10,2023-10-08,14:00,Premier League,Matchweek 8,3,0,1,2.0,2.0,west ham,2.0,1.2,64.0,62473.0,Jamaal Lascelles,4/3/2003,Peter Bankes,Match Report,newcastle united,west ham vs newcastle united,14,15,17
198,11,2023-10-21,15:00,Premier League,Matchweek 9,2,1,3,4.0,0.0,crystal palace,2.4,1.2,59.0,52189.0,Jamaal Lascelles,4/3/2003,Tim Robinson,Match Report,newcastle united,crystal palace vs newcastle united,14,25,7
199,13,2023-10-28,17:30,Premier League,Matchweek 10,2,0,1,2.0,2.0,wolves,2.2,0.9,57.0,31584.0,Jamaal Lascelles,4/3/2003,Anthony Taylor,Match Report,newcastle united,wolves vs newcastle united,14,1,18
201,17,2023-11-11,17:30,Premier League,Matchweek 12,2,0,0,0.0,2.0,bournemouth,0.5,2.4,52.0,11201.0,Jamaal Lascelles,4/3/2003,Chris Kavanagh,Match Report,newcastle united,bournemouth vs newcastle united,14,2,2
202,18,2023-11-25,15:00,Premier League,Matchweek 13,2,1,3,4.0,1.0,chelsea,2.4,0.5,54.0,52227.0,Jamaal Lascelles,4/3/2003,Simon Hooper,Match Report,newcastle united,chelsea vs newcastle united,14,21,6
203,20,2023-12-02,20:00,Premier League,Matchweek 14,2,1,3,1.0,0.0,manchester utd,2.4,0.5,58.0,52214.0,Jamaal Lascelles,4/3/2003,Robert Jones,Match Report,newcastle united,manchester utd vs newcastle united,14,17,12
204,21,2023-12-07,19:30,Premier League,Matchweek 15,4,0,0,0.0,3.0,everton,1.5,3.3,62.0,38198.0,Jamaal Lascelles,4/3/2003,Tim Robinson,Match Report,newcastle united,everton vs newcastle united,14,25,8
206,24,2023-12-16,15:00,Premier League,Matchweek 17,2,1,3,3.0,0.0,fulham,3.5,0.3,70.0,52055.0,Jamaal Lascelles,4/3/2003,Samuel Barrott,Match Report,newcastle united,fulham vs newcastle united,14,20,9
207,26,2023-12-23,15:00,Premier League,Matchweek 18,2,0,0,0.0,1.0,luton town,1.4,1.4,65.0,11042.0,Jamaal Lascelles,4/3/2003,Darren England,Match Report,newcastle united,luton town vs newcastle united,14,5,11
208,27,2023-12-26,12:30,Premier League,Matchweek 19,5,1,0,1.0,3.0,nott'ham forest,2.4,3.5,62.0,52207.0,Kieran Trippier,4/3/2003,Chris Kavanagh,Match Report,newcastle united,nott'ham forest vs newcastle united,14,2,14
212,33,2024-02-03,15:00,Premier League,Matchweek 23,2,1,1,4.0,4.0,luton town,2.3,2.4,55.0,52211.0,Kieran Trippier,4/3/2003,Thomas Bramall,Match Report,newcastle united,luton town vs newcastle united,14,24,11
213,34,2024-02-10,17:30,Premier League,Matchweek 24,2,0,3,3.0,2.0,nott'ham forest,0.5,1.5,61.0,29451.0,Kieran Trippier,4/3/2003,Anthony Taylor,Match Report,newcastle united,nott'ham forest vs newcastle united,14,1,14
214,35,2024-02-17,15:00,Premier League,Matchweek 25,2,1,1,2.0,2.0,bournemouth,2.2,2.2,62.0,52224.0,Kieran Trippier,4/3/2003,Michael Salisbury,Match Report,newcastle united,bournemouth vs newcastle united,14,13,2
216,38,2024-03-02,15:00,Premier League,Matchweek 27,2,1,3,3.0,0.0,wolves,2.1,0.8,44.0,52206.0,Kieran Trippier,4/3/2003,Tim Robinson,Match Report,newcastle united,wolves vs newcastle united,14,25,18
217,39,2024-03-11,20:00,Premier League,Matchweek 28,1,0,0,2.0,3.0,chelsea,0.7,1.6,56.0,37753.0,Dan Burn,4/3/2003,John Brooks,Match Report,newcastle united,chelsea vs newcastle united,14,9,6
218,41,2024-03-30,12:30,Premier League,Matchweek 30,2,1,3,4.0,3.0,west ham,4.1,1.4,60.0,52199.0,Jamaal Lascelles,4/3/2003,Robert Jones,Match Report,newcastle united,west ham vs newcastle united,14,17,17
219,42,2024-04-02,19:30,Premier League,Matchweek 31,5,1,1,1.0,1.0,everton,2.4,1.4,57.0,52135.0,Dan Burn,4/3/2003,Tony Harrington,Match Report,newcastle united,everton vs newcastle united,14,26,8
220,43,2024-04-06,15:00,Premier League,Matchweek 32,2,0,3,1.0,0.0,fulham,1.0,1.2,34.0,24418.0,Dan Burn,4/3/2003,Samuel Allison,Match Report,newcastle united,fulham vs newcastle united,14,19,9
228,0,2023-08-14,20:00,Premier League,Matchweek 1,1,1,3,1.0,0.0,wolves,2.2,2.2,51.0,73358.0,Bruno Fernandes,4-1-4-1,Simon Hooper,Match Report,manchester united,wolves vs manchester united,13,21,18
230,2,2023-08-26,15:00,Premier League,Matchweek 3,2,1,3,3.0,2.0,nott'ham forest,2.8,1.2,66.0,73595.0,Bruno Fernandes,4-2-3-1,Stuart Attwell,Match Report,manchester united,nott'ham forest vs manchester united,13,22,14
232,4,2023-09-16,15:00,Premier League,Matchweek 5,2,1,0,1.0,3.0,brighton,1.0,1.7,44.0,73592.0,Bruno Fernandes,4-1-2-1-2◆,Jarred Gillett,Match Report,manchester united,brighton vs manchester united,13,8,4
233,6,2023-09-23,20:00,Premier League,Matchweek 6,2,0,3,1.0,0.0,burnley,1.0,1.1,39.0,21593.0,Bruno Fernandes,4-2-3-1,Tony Harrington,Match Report,manchester united,burnley vs manchester united,13,26,5
234,8,2023-09-30,15:00,Premier League,Matchweek 7,2,1,0,0.0,1.0,crystal palace,1.3,0.9,77.0,73428.0,Bruno Fernandes,4-2-3-1,Chris Kavanagh,Match Report,manchester united,crystal palace vs manchester united,13,2,7
235,10,2023-10-07,15:00,Premier League,Matchweek 8,2,1,3,2.0,1.0,brentford,1.4,0.9,64.0,73453.0,Bruno Fernandes,4-2-3-1,Andy Madley,Match Report,manchester united,brentford vs manchester united,13,0,3
236,11,2023-10-21,20:00,Premier League,Matchweek 9,2,0,3,2.0,1.0,sheffield utd,1.1,1.4,62.0,31543.0,Bruno Fernandes,4-2-3-1,Michael Oliver,Match Report,manchester united,sheffield utd vs manchester united,13,12,15
238,15,2023-11-04,12:30,Premier League,Matchweek 11,2,0,3,1.0,0.0,fulham,0.7,1.0,55.0,24415.0,Bruno Fernandes,4-2-3-1,John Brooks,Match Report,manchester united,fulham vs manchester united,13,9,9
239,17,2023-11-11,15:00,Premier League,Matchweek 12,2,1,3,1.0,0.0,luton town,2.2,0.4,64.0,73599.0,Bruno Fernandes,4-2-3-1,Graham Scott,Match Report,manchester united,luton town vs manchester united,13,7,11
240,18,2023-11-26,16:30,Premier League,Matchweek 13,3,0,3,3.0,0.0,everton,2.2,2.4,49.0,39257.0,Bruno Fernandes,4-2-3-1,John Brooks,Match Report,manchester united,everton vs manchester united,13,9,8
242,21,2023-12-06,20:15,Premier League,Matchweek 15,6,1,3,2.0,1.0,chelsea,4.1,1.5,45.0,73607.0,Bruno Fernandes,4-2-3-1,Chris Kavanagh,Match Report,manchester united,chelsea vs manchester united,13,2,6
243,22,2023-12-09,15:00,Premier League,Matchweek 16,2,1,0,0.0,3.0,bournemouth,1.1,1.5,68.0,73427.0,Bruno Fernandes,4-2-3-1,Peter Bankes,Match Report,manchester united,bournemouth vs manchester united,13,15,2
245,25,2023-12-23,12:30,Premier League,Matchweek 18,2,0,0,0.0,2.0,west ham,1.0,1.2,65.0,64472.0,Bruno Fernandes,4-2-3-1,Simon Hooper,Match Report,manchester united,west ham vs manchester united,13,21,17
247,27,2023-12-30,17:30,Premier League,Matchweek 20,2,0,0,1.0,2.0,nott'ham forest,0.8,0.7,56.0,29529.0,Bruno Fernandes,4-2-3-1,Tim Robinson,Match Report,manchester united,nott'ham forest vs manchester united,13,25,14
249,31,2024-02-01,20:15,Premier League,Matchweek 22,4,0,3,4.0,3.0,wolves,3.3,2.1,47.0,31641.0,Bruno Fernandes,4-2-3-1,Jarred Gillett,Match Report,manchester united,wolves vs manchester united,13,8,18
250,32,2024-02-04,14:00,Premier League,Matchweek 23,3,1,3,3.0,0.0,west ham,0.7,1.4,51.0,73612.0,Bruno Fernandes,4-2-3-1,Andy Madley,Match Report,manchester united,west ham vs manchester united,13,0,17
252,34,2024-02-18,16:30,Premier League,Matchweek 25,3,0,3,2.0,1.0,luton town,2.9,1.8,42.0,11483.0,Bruno Fernandes,4-2-3-1,David Coote,Match Report,manchester united,luton town vs manchester united,13,6,11
253,35,2024-02-24,15:00,Premier League,Matchweek 26,2,1,0,1.0,2.0,fulham,1.7,1.2,57.0,73487.0,Bruno Fernandes,4-2-3-1,Michael Oliver,Match Report,manchester united,fulham vs manchester united,13,12,9
255,38,2024-03-09,12:30,Premier League,Matchweek 28,2,1,3,2.0,0.0,everton,2.7,1.6,51.0,73601.0,Bruno Fernandes,4-2-4-0,Simon Hooper,Match Report,manchester united,everton vs manchester united,13,21,8
256,40,2024-03-30,20:00,Premier League,Matchweek 30,2,0,1,1.0,1.0,brentford,0.6,3.2,53.0,17138.0,Bruno Fernandes,4-2-3-1,Simon Hooper,Match Report,manchester united,brentford vs manchester united,13,21,3
257,41,2024-04-04,20:15,Premier League,Matchweek 31,4,0,0,3.0,4.0,chelsea,1.5,3.0,43.0,39694.0,Bruno Fernandes,4-2-3-1,Jarred Gillett,Match Report,manchester united,chelsea vs manchester united,13,8,6
259,43,2024-04-13,17:30,Premier League,Matchweek 33,2,0,1,2.0,2.0,bournemouth,1.2,1.8,56.0,11229.0,Bruno Fernandes,4-2-3-1,Tony Harrington,Match Report,manchester united,bournemouth vs manchester united,13,26,2
266,0,2023-08-12,15:00,Premier League,Matchweek 1,2,0,1,1.0,1.0,bournemouth,1.1,1.3,38.0,11245.0,Kurt Zouma,4-2-3-1,Peter Bankes,Match Report,west ham united,bournemouth vs west ham united,17,15,2
267,1,2023-08-20,16:30,Premier League,Matchweek 2,3,1,3,3.0,1.0,chelsea,1.8,2.5,25.0,62451.0,Kurt Zouma,4-2-3-1,John Brooks,Match Report,west ham united,chelsea vs west ham united,17,9,6
268,2,2023-08-26,17:30,Premier League,Matchweek 3,2,0,3,3.0,1.0,brighton,3.0,1.5,22.0,31508.0,Kurt Zouma,4-1-4-1,Anthony Taylor,Match Report,west ham united,brighton vs west ham united,17,1,4
269,3,2023-09-01,20:00,Premier League,Matchweek 4,0,0,3,2.0,1.0,luton town,1.0,1.4,61.0,10802.0,Kurt Zouma,4-2-3-1,Paul Tierney,Match Report,west ham united,luton town vs west ham united,17,14,11
272,8,2023-09-30,15:00,Premier League,Matchweek 7,2,1,3,2.0,0.0,sheffield utd,2.1,1.1,52.0,62459.0,Kurt Zouma,4-2-3-1,Graham Scott,Match Report,west ham united,sheffield utd vs west ham united,17,7,15
275,13,2023-10-29,13:00,Premier League,Matchweek 10,3,1,0,0.0,1.0,everton,0.7,0.8,64.0,62469.0,Kurt Zouma,4-2-3-1,Stuart Attwell,Match Report,west ham united,everton vs west ham united,17,22,8
276,15,2023-11-04,15:00,Premier League,Matchweek 11,2,0,0,2.0,3.0,brentford,1.8,1.5,42.0,17103.0,James Ward-Prowse,4/4/2002,Thomas Bramall,Match Report,west ham united,brentford vs west ham united,17,24,3
277,17,2023-11-12,14:00,Premier League,Matchweek 12,3,1,3,3.0,2.0,nott'ham forest,1.8,1.7,54.0,62470.0,Kurt Zouma,4-2-3-1,Michael Salisbury,Match Report,west ham united,nott'ham forest vs west ham united,17,13,14
278,18,2023-11-25,15:00,Premier League,Matchweek 13,2,0,3,2.0,1.0,burnley,0.9,1.3,50.0,21319.0,Kurt Zouma,4-2-3-1,Samuel Barrott,Match Report,west ham united,burnley vs west ham united,17,20,5
279,20,2023-12-03,14:00,Premier League,Matchweek 14,3,1,1,1.0,1.0,crystal palace,1.1,0.9,55.0,62414.0,Tomáš Souček,4-2-3-1,Michael Oliver,Match Report,west ham united,crystal palace vs west ham united,17,12,7
281,22,2023-12-10,14:00,Premier League,Matchweek 16,3,0,0,0.0,5.0,fulham,1.3,2.3,37.0,23988.0,Kurt Zouma,4-4-1-1,Paul Tierney,Match Report,west ham united,fulham vs west ham united,17,14,9
282,24,2023-12-17,14:00,Premier League,Matchweek 17,3,1,3,3.0,0.0,wolves,1.1,0.7,45.0,62455.0,Kurt Zouma,4-2-3-1,Chris Kavanagh,Match Report,west ham united,wolves vs west ham united,17,2,18
285,28,2024-01-02,19:30,Premier League,Matchweek 20,5,1,1,0.0,0.0,brighton,0.7,2.3,32.0,62462.0,Angelo Ogbonna,4-2-3-1,Samuel Barrott,Match Report,west ham united,brighton vs west ham united,17,20,4
286,31,2024-01-21,14:00,Premier League,Matchweek 21,3,0,1,2.0,2.0,sheffield utd,2.3,2.5,43.0,29164.0,Kurt Zouma,4-4-1-1,Michael Salisbury,Match Report,west ham united,sheffield utd vs west ham united,17,13,15
287,32,2024-02-01,19:30,Premier League,Matchweek 22,4,1,1,1.0,1.0,bournemouth,1.4,1.2,48.0,62478.0,Kurt Zouma,4-3-2-1,Tim Robinson,Match Report,west ham united,bournemouth vs west ham united,17,25,2
290,35,2024-02-17,15:00,Premier League,Matchweek 25,2,0,0,0.0,2.0,nott'ham forest,0.5,2.8,51.0,29490.0,Kurt Zouma,4-2-3-1,Thomas Bramall,Match Report,west ham united,nott'ham forest vs west ham united,17,24,14
291,36,2024-02-26,20:00,Premier League,Matchweek 26,1,1,3,4.0,2.0,brentford,1.7,0.9,41.0,62450.0,Kurt Zouma,4-2-3-1,Simon Hooper,Match Report,west ham united,brentford vs west ham united,17,21,3
292,37,2024-03-02,15:00,Premier League,Matchweek 27,2,0,3,3.0,1.0,everton,1.9,2.7,45.0,39262.0,Kurt Zouma,4-2-3-1,Craig Pawson,Match Report,west ham united,everton vs west ham united,17,3,8
293,39,2024-03-10,14:00,Premier League,Matchweek 28,3,1,1,2.0,2.0,burnley,2.1,0.7,52.0,62441.0,Tomáš Souček,4-2-3-1,Darren England,Match Report,west ham united,burnley vs west ham united,17,5,5
297,44,2024-04-06,15:00,Premier League,Matchweek 32,2,0,3,2.0,1.0,wolves,1.2,1.5,42.0,31504.0,Kurt Zouma,4-2-3-1,Tony Harrington,Match Report,west ham united,wolves vs west ham united,17,26,18
298,46,2024-04-14,14:00,Premier League,Matchweek 33,3,1,0,0.0,2.0,fulham,1.1,3.1,58.0,62459.0,Łukasz Fabiański,4-2-3-1,Stuart Attwell,Match Report,west ham united,fulham vs west ham united,17,22,9
306,2,2023-08-25,20:00,Premier League,Matchweek 3,0,1,3,3.0,0.0,luton town,2.2,0.4,67.0,39893.0,Ben Chilwell,3/4/2003,Robert Jones,Match Report,chelsea,luton town vs chelsea,6,17,11
307,4,2023-09-02,15:00,Premier League,Matchweek 4,2,1,0,0.0,1.0,nott'ham forest,2.3,0.8,75.0,39820.0,Ben Chilwell,3/4/2003,Tim Robinson,Match Report,chelsea,nott'ham forest vs chelsea,6,25,14
308,5,2023-09-17,14:00,Premier League,Matchweek 5,3,0,1,0.0,0.0,bournemouth,1.8,1.0,64.0,10421.0,Conor Gallagher,4-2-3-1,David Coote,Match Report,chelsea,bournemouth vs chelsea,6,6,2
310,8,2023-10-02,20:00,Premier League,Matchweek 7,1,0,3,2.0,0.0,fulham,1.7,1.1,44.0,24445.0,Conor Gallagher,4/3/2003,Tim Robinson,Match Report,chelsea,fulham vs chelsea,6,25,9
311,9,2023-10-07,15:00,Premier League,Matchweek 8,2,0,3,4.0,1.0,burnley,1.9,0.7,62.0,21654.0,Conor Gallagher,4/3/2003,Stuart Attwell,Match Report,chelsea,burnley vs chelsea,6,22,5
313,11,2023-10-28,12:30,Premier League,Matchweek 10,2,1,0,0.0,2.0,brentford,1.9,2.2,68.0,39575.0,Conor Gallagher,4-2-3-1,Simon Hooper,Match Report,chelsea,brentford vs chelsea,6,21,3
317,16,2023-12-03,14:00,Premier League,Matchweek 14,3,1,3,3.0,2.0,brighton,2.1,1.1,32.0,39647.0,Conor Gallagher,4-2-3-1,Craig Pawson,Match Report,chelsea,brighton vs chelsea,6,3,4
319,18,2023-12-10,14:00,Premier League,Matchweek 16,3,0,0,0.0,2.0,everton,0.9,1.2,71.0,39280.0,Reece James,4-2-3-1,Michael Oliver,Match Report,chelsea,everton vs chelsea,6,12,8
320,19,2023-12-16,15:00,Premier League,Matchweek 17,2,1,3,2.0,0.0,sheffield utd,3.1,0.4,78.0,39599.0,Conor Gallagher,4-2-3-1,Andy Madley,Match Report,chelsea,sheffield utd vs chelsea,6,0,15
321,21,2023-12-24,13:00,Premier League,Matchweek 18,3,0,0,1.0,2.0,wolves,2.0,1.3,68.0,31641.0,Conor Gallagher,4-2-3-1,David Coote,Match Report,chelsea,wolves vs chelsea,6,6,18
322,22,2023-12-27,19:30,Premier League,Matchweek 19,6,1,3,2.0,1.0,crystal palace,2.6,1.1,63.0,39618.0,Conor Gallagher,4-2-3-1,Michael Salisbury,Match Report,chelsea,crystal palace vs chelsea,6,13,7
323,23,2023-12-30,12:30,Premier League,Matchweek 20,2,0,3,3.0,2.0,luton town,1.5,2.3,48.0,11041.0,Conor Gallagher,4-2-3-1,Paul Tierney,Match Report,chelsea,luton town vs chelsea,6,14,11
324,26,2024-01-13,12:30,Premier League,Matchweek 21,2,1,3,1.0,0.0,fulham,2.2,0.8,55.0,39643.0,Conor Gallagher,4-2-3-1,Anthony Taylor,Match Report,chelsea,fulham vs chelsea,6,1,9
326,30,2024-02-04,14:00,Premier League,Matchweek 23,3,1,0,2.0,4.0,wolves,1.7,2.0,64.0,39628.0,Ben Chilwell,4-2-3-1,Tim Robinson,Match Report,chelsea,wolves vs chelsea,6,25,18
327,32,2024-02-12,20:00,Premier League,Matchweek 24,1,0,3,3.0,1.0,crystal palace,1.4,0.6,77.0,25110.0,Ben Chilwell,4-2-3-1,Michael Oliver,Match Report,chelsea,crystal palace vs chelsea,6,12,7
329,36,2024-03-02,15:00,Premier League,Matchweek 27,2,0,1,2.0,2.0,brentford,1.8,1.8,67.0,17140.0,Ben Chilwell,3/5/2002,Jarred Gillett,Match Report,chelsea,brentford vs chelsea,6,8,3
331,39,2024-03-30,15:00,Premier League,Matchweek 30,2,1,1,2.0,2.0,burnley,4.2,1.6,69.0,39535.0,Conor Gallagher,4-2-3-1,Darren England,Match Report,chelsea,burnley vs chelsea,6,5,5
333,41,2024-04-07,17:30,Premier League,Matchweek 32,3,0,1,2.0,2.0,sheffield utd,0.3,1.4,68.0,28638.0,Conor Gallagher,4-2-3-1,Robert Jones,Match Report,chelsea,sheffield utd vs chelsea,6,17,15
342,0,2023-08-12,15:00,Premier League,Matchweek 1,2,1,3,4.0,1.0,luton town,4.0,1.5,70.0,31872.0,Lewis Dunk,4-2-3-1,David Coote,Match Report,brighton and hove albion,luton town vs brighton and hove albion,4,6,11
343,1,2023-08-19,15:00,Premier League,Matchweek 2,2,0,3,4.0,1.0,wolves,2.2,2.1,53.0,31317.0,Lewis Dunk,4-2-3-1,Andy Madley,Match Report,brighton and hove albion,wolves vs brighton and hove albion,4,0,18
347,6,2023-09-24,14:00,Premier League,Matchweek 6,3,1,3,3.0,1.0,bournemouth,1.9,1.1,61.0,31617.0,Lewis Dunk,4-2-3-1,John Brooks,Match Report,brighton and hove albion,bournemouth vs brighton and hove albion,4,9,2
351,13,2023-10-29,14:00,Premier League,Matchweek 10,3,1,1,1.0,1.0,fulham,1.4,0.7,71.0,31550.0,Lewis Dunk,3/4/2003,Michael Salisbury,Match Report,brighton and hove albion,fulham vs brighton and hove albion,4,13,9
352,14,2023-11-04,15:00,Premier League,Matchweek 11,2,0,1,1.0,1.0,everton,0.5,0.7,79.0,38683.0,Lewis Dunk,4/3/2003,Tim Robinson,Match Report,brighton and hove albion,everton vs brighton and hove albion,4,25,8
353,16,2023-11-12,14:00,Premier League,Matchweek 12,3,1,1,1.0,1.0,sheffield utd,1.5,1.1,61.0,31367.0,Pascal Groß,4-2-3-1,John Brooks,Match Report,brighton and hove albion,sheffield utd vs brighton and hove albion,4,9,15
354,17,2023-11-25,15:00,Premier League,Matchweek 13,2,0,3,3.0,2.0,nott'ham forest,1.3,1.9,53.0,29404.0,Lewis Dunk,4-2-3-1,Anthony Taylor,Match Report,brighton and hove albion,nott'ham forest vs brighton and hove albion,4,1,14
356,20,2023-12-06,19:30,Premier League,Matchweek 15,6,1,3,2.0,1.0,brentford,1.5,1.5,61.0,31571.0,Pascal Groß,4-2-3-1,Peter Bankes,Match Report,brighton and hove albion,brentford vs brighton and hove albion,4,15,3
357,21,2023-12-09,15:00,Premier League,Matchweek 16,2,1,1,1.0,1.0,burnley,2.6,0.6,72.0,31511.0,Lewis Dunk,4-2-3-1,Simon Hooper,Match Report,brighton and hove albion,burnley vs brighton and hove albion,4,21,5
359,24,2023-12-21,20:00,Premier League,Matchweek 18,4,0,1,1.0,1.0,crystal palace,1.2,1.3,65.0,24171.0,Lewis Dunk,4-2-3-1,John Brooks,Match Report,brighton and hove albion,crystal palace vs brighton and hove albion,4,9,7
362,28,2024-01-22,19:45,Premier League,Matchweek 21,1,1,1,0.0,0.0,wolves,1.0,1.1,72.0,41505.0,Lewis Dunk,4/3/2003,Craig Pawson,Match Report,brighton and hove albion,wolves vs brighton and hove albion,4,3,18
363,30,2024-01-30,19:45,Premier League,Matchweek 22,5,0,0,0.0,4.0,luton town,0.9,3.1,59.0,10994.0,Lewis Dunk,3/4/2003,Robert Jones,Match Report,brighton and hove albion,luton town vs brighton and hove albion,4,17,11
364,31,2024-02-03,15:00,Premier League,Matchweek 23,2,1,3,4.0,1.0,crystal palace,1.4,0.3,68.0,31345.0,Lewis Dunk,3/4/2003,Simon Hooper,Match Report,brighton and hove albion,crystal palace vs brighton and hove albion,4,21,7
366,33,2024-02-18,14:00,Premier League,Matchweek 25,3,0,3,5.0,0.0,sheffield utd,2.9,0.6,79.0,29522.0,Lewis Dunk,4-2-3-1,Stuart Attwell,Match Report,brighton and hove albion,sheffield utd vs brighton and hove albion,4,22,15
367,34,2024-02-24,15:00,Premier League,Matchweek 26,2,1,1,1.0,1.0,everton,1.4,0.3,64.0,41646.0,Lewis Dunk,4-2-3-1,Tony Harrington,Match Report,brighton and hove albion,everton vs brighton and hove albion,4,26,8
368,36,2024-03-02,15:00,Premier League,Matchweek 27,2,0,0,0.0,3.0,fulham,1.3,1.3,70.0,24460.0,Lewis Dunk,3/4/2003,Simon Hooper,Match Report,brighton and hove albion,fulham vs brighton and hove albion,4,21,9
369,38,2024-03-10,14:00,Premier League,Matchweek 28,3,1,3,1.0,0.0,nott'ham forest,0.4,0.7,63.0,31505.0,Lewis Dunk,4-2-3-1,Michael Salisbury,Match Report,brighton and hove albion,nott'ham forest vs brighton and hove albion,4,13,14
371,41,2024-04-03,19:30,Premier League,Matchweek 31,6,0,1,0.0,0.0,brentford,1.1,0.6,66.0,17024.0,Lewis Dunk,4-2-3-1,Andy Madley,Match Report,brighton and hove albion,brentford vs brighton and hove albion,4,0,3
373,43,2024-04-13,15:00,Premier League,Matchweek 33,2,0,1,1.0,1.0,burnley,0.9,1.7,55.0,,Lewis Dunk,4-2-3-1,Simon Hooper,Match Report,brighton and hove albion,burnley vs brighton and hove albion,4,21,5
382,2,2023-08-26,15:00,Premier League,Matchweek 3,2,0,3,1.0,0.0,everton,1.1,1.3,53.0,38851.0,Max Kilman,4-4-1-1,Craig Pawson,Match Report,wolverhampton wanderers,everton vs wolverhampton wanderers,18,3,8
383,4,2023-09-03,14:00,Premier League,Matchweek 4,3,0,0,2.0,3.0,crystal palace,1.2,2.1,57.0,24741.0,Max Kilman,4/4/2002,Robert Jones,Match Report,wolverhampton wanderers,crystal palace vs wolverhampton wanderers,18,17,7
385,6,2023-09-23,15:00,Premier League,Matchweek 6,2,0,1,1.0,1.0,luton town,0.6,2.1,43.0,10893.0,Max Kilman,4-2-3-1,Joshua Smith,Match Report,wolverhampton wanderers,luton town vs wolverhampton wanderers,18,10,11
388,10,2023-10-21,15:00,Premier League,Matchweek 9,2,0,3,2.0,1.0,bournemouth,2.4,0.6,65.0,11175.0,Max Kilman,3/4/2003,Paul Tierney,Match Report,wolverhampton wanderers,bournemouth vs wolverhampton wanderers,18,14,2
390,12,2023-11-04,15:00,Premier League,Matchweek 11,2,0,0,1.0,2.0,sheffield utd,1.2,1.0,61.0,29454.0,Max Kilman,4-4-1-1,Robert Jones,Match Report,wolverhampton wanderers,sheffield utd vs wolverhampton wanderers,18,17,15
392,14,2023-11-27,20:00,Premier League,Matchweek 13,1,0,0,2.0,3.0,fulham,1.4,2.9,40.0,24366.0,Max Kilman,3/5/2002,Michael Salisbury,Match Report,wolverhampton wanderers,fulham vs wolverhampton wanderers,18,13,9
394,16,2023-12-05,19:30,Premier League,Matchweek 15,5,1,3,1.0,0.0,burnley,0.8,0.9,51.0,30439.0,Max Kilman,3/4/2003,Jarred Gillett,Match Report,wolverhampton wanderers,burnley vs wolverhampton wanderers,18,8,5
395,17,2023-12-09,15:00,Premier League,Matchweek 16,2,1,1,1.0,1.0,nott'ham forest,1.2,1.3,68.0,31543.0,Max Kilman,3/4/2003,Samuel Barrott,Match Report,wolverhampton wanderers,nott'ham forest vs wolverhampton wanderers,18,20,14
398,20,2023-12-27,19:30,Premier League,Matchweek 19,6,0,3,4.0,1.0,brentford,2.4,2.2,40.0,17109.0,Max Kilman,3/4/2003,Andy Madley,Match Report,wolverhampton wanderers,brentford vs wolverhampton wanderers,18,0,3
399,21,2023-12-30,15:00,Premier League,Matchweek 20,2,1,3,3.0,0.0,everton,1.9,0.4,53.0,31639.0,Max Kilman,3/4/2003,Thomas Bramall,Match Report,wolverhampton wanderers,everton vs wolverhampton wanderers,18,24,8
403,28,2024-02-10,15:00,Premier League,Matchweek 24,2,1,0,0.0,2.0,brentford,1.0,1.9,71.0,30731.0,Max Kilman,3/4/2003,Simon Hooper,Match Report,wolverhampton wanderers,brentford vs wolverhampton wanderers,18,21,3
405,30,2024-02-25,13:30,Premier League,Matchweek 26,3,1,3,1.0,0.0,sheffield utd,1.3,0.6,63.0,30789.0,Max Kilman,3/4/2003,Darren Bond,Match Report,wolverhampton wanderers,sheffield utd vs wolverhampton wanderers,18,4,15
407,33,2024-03-09,15:00,Premier League,Matchweek 28,2,1,3,2.0,1.0,fulham,0.8,2.6,48.0,30860.0,Max Kilman,4-2-3-1,Tony Harrington,Match Report,wolverhampton wanderers,fulham vs wolverhampton wanderers,18,26,9
409,36,2024-04-02,19:45,Premier League,Matchweek 31,5,0,1,1.0,1.0,burnley,0.9,1.3,49.0,21528.0,Max Kilman,4-4-1-1,Thomas Bramall,Match Report,wolverhampton wanderers,burnley vs wolverhampton wanderers,18,24,5
411,38,2024-04-13,15:00,Premier League,Matchweek 33,2,0,1,2.0,2.0,nott'ham forest,1.0,1.9,54.0,29604.0,Max Kilman,3-4-1-2,Craig Pawson,Match Report,wolverhampton wanderers,nott'ham forest vs wolverhampton wanderers,18,3,14
418,0,2023-08-12,15:00,Premier League,Matchweek 1,2,0,3,1.0,0.0,everton,1.5,2.7,58.0,39940.0,Tom Cairney,4/3/2003,Stuart Attwell,Match Report,fulham,everton vs fulham,9,22,8
419,1,2023-08-19,15:00,Premier League,Matchweek 2,2,1,0,0.0,3.0,brentford,0.5,3.7,55.0,24236.0,Tim Ream,4/3/2003,Darren Bond,Match Report,fulham,brentford vs fulham,9,4,3
422,5,2023-09-16,15:00,Premier League,Matchweek 5,2,1,3,1.0,0.0,luton town,1.0,1.1,77.0,24467.0,Tim Ream,4/3/2003,Michael Salisbury,Match Report,fulham,luton town vs fulham,9,13,11
423,6,2023-09-23,15:00,Premier League,Matchweek 6,2,0,1,0.0,0.0,crystal palace,0.6,0.3,49.0,25072.0,Tim Ream,4/3/2003,Paul Tierney,Match Report,fulham,crystal palace vs fulham,9,14,7
425,9,2023-10-07,15:00,Premier League,Matchweek 8,2,1,3,3.0,1.0,sheffield utd,2.2,0.6,60.0,24361.0,Tim Ream,4/3/2003,Samuel Barrott,Match Report,fulham,sheffield utd vs fulham,9,20,15
432,17,2023-12-06,19:30,Premier League,Matchweek 15,6,1,3,5.0,0.0,nott'ham forest,2.5,0.3,63.0,24105.0,Tom Cairney,4-2-3-1,Joshua Smith,Match Report,fulham,nott'ham forest vs fulham,9,10,14
435,21,2023-12-23,15:00,Premier League,Matchweek 18,2,1,0,0.0,2.0,burnley,1.3,0.4,66.0,23598.0,Tom Cairney,4-2-3-1,Rebecca Welch,Match Report,fulham,burnley vs fulham,9,16,5
436,22,2023-12-26,15:00,Premier League,Matchweek 19,5,0,0,0.0,3.0,bournemouth,0.3,1.8,57.0,11099.0,Tom Cairney,4-2-3-1,Tim Robinson,Match Report,fulham,bournemouth vs fulham,9,25,2
439,29,2024-01-30,19:45,Premier League,Matchweek 22,5,1,1,0.0,0.0,everton,1.6,1.9,70.0,24376.0,Tom Cairney,4-2-3-1,Thomas Bramall,Match Report,fulham,everton vs fulham,9,24,8
440,30,2024-02-03,15:00,Premier League,Matchweek 23,2,0,1,2.0,2.0,burnley,1.5,1.8,56.0,20203.0,Tim Ream,4-2-3-1,Darren Bond,Match Report,fulham,burnley vs fulham,9,4,5
441,31,2024-02-10,15:00,Premier League,Matchweek 24,2,1,3,3.0,1.0,bournemouth,1.6,1.8,49.0,24271.0,Tom Cairney,4-2-3-1,Darren England,Match Report,fulham,bournemouth vs fulham,9,5,2
447,37,2024-03-30,15:00,Premier League,Matchweek 30,2,0,1,3.0,3.0,sheffield utd,1.3,1.9,73.0,30010.0,Bernd Leno,4-2-3-1,Tim Robinson,Match Report,fulham,sheffield utd vs fulham,9,25,15
448,38,2024-04-02,19:30,Premier League,Matchweek 31,5,0,0,1.0,3.0,nott'ham forest,1.5,1.5,66.0,28997.0,Bernd Leno,4-2-3-1,Michael Oliver,Match Report,fulham,nott'ham forest vs fulham,9,12,14
459,4,2023-09-02,15:00,Premier League,Matchweek 4,2,0,1,2.0,2.0,brentford,2.1,2.9,40.0,16973.0,Neto,4-2-3-1,Robert Madley,Match Report,bournemouth,brentford vs bournemouth,2,18,3
463,9,2023-10-07,15:00,Premier League,Matchweek 8,2,0,0,0.0,3.0,everton,0.7,2.4,52.0,38815.0,Neto,4-2-3-1,David Coote,Match Report,bournemouth,everton vs bournemouth,2,6,8
465,11,2023-10-28,15:00,Premier League,Matchweek 10,2,1,3,2.0,1.0,burnley,1.1,0.8,45.0,11152.0,Lloyd Kelly,4-2-3-1,Samuel Barrott,Match Report,bournemouth,burnley vs bournemouth,2,20,5
468,15,2023-11-25,15:00,Premier League,Matchweek 13,2,0,3,3.0,1.0,sheffield utd,2.9,0.8,54.0,30208.0,Neto,4-2-3-1,Andy Madley,Match Report,bournemouth,sheffield utd vs bournemouth,2,0,15
470,17,2023-12-06,19:30,Premier League,Matchweek 15,6,0,3,2.0,0.0,crystal palace,1.8,1.0,41.0,25078.0,Neto,4-2-3-1,Craig Pawson,Match Report,bournemouth,crystal palace vs bournemouth,2,3,7
472,19,2023-12-23,15:00,Premier League,Matchweek 18,2,0,3,3.0,2.0,nott'ham forest,1.6,1.0,66.0,29188.0,Neto,4-2-3-1,Robert Jones,Match Report,bournemouth,nott'ham forest vs bournemouth,2,17,14
477,26,2024-02-04,14:00,Premier League,Matchweek 23,3,1,1,1.0,1.0,nott'ham forest,1.3,0.5,45.0,11200.0,Neto,4-2-3-1,Rebecca Welch,Match Report,bournemouth,nott'ham forest vs bournemouth,2,16,14
481,31,2024-03-03,13:00,Premier League,Matchweek 27,3,0,3,2.0,0.0,burnley,1.1,1.5,26.0,19713.0,Neto,4-2-3-1,David Coote,Match Report,bournemouth,burnley vs bournemouth,2,6,5
482,32,2024-03-09,15:00,Premier League,Matchweek 28,2,1,1,2.0,2.0,sheffield utd,3.3,1.2,69.0,11074.0,Neto,4-2-3-1,Anthony Taylor,Match Report,bournemouth,sheffield utd vs bournemouth,2,1,15
483,33,2024-03-13,19:30,Premier League,Matchweek 17,6,1,3,4.0,3.0,luton town,2.3,2.0,59.0,11198.0,Neto,4-2-3-1,Samuel Allison,Match Report,bournemouth,luton town vs bournemouth,2,19,11
484,34,2024-03-30,15:00,Premier League,Matchweek 30,2,1,3,2.0,1.0,everton,1.3,1.0,48.0,11207.0,Neto,4-2-3-1,Samuel Barrott,Match Report,bournemouth,everton vs bournemouth,2,20,8
485,35,2024-04-02,19:45,Premier League,Matchweek 31,5,1,3,1.0,0.0,crystal palace,1.1,0.2,50.0,11058.0,Neto,4/3/2003,Graham Scott,Match Report,bournemouth,crystal palace vs bournemouth,2,7,7
486,36,2024-04-06,15:00,Premier League,Matchweek 32,2,0,0,1.0,2.0,luton town,0.4,1.5,45.0,11797.0,Neto,4-2-3-1,Andy Madley,Match Report,bournemouth,luton town vs bournemouth,2,0,11
494,0,2023-08-12,15:00,Premier League,Matchweek 1,2,0,3,1.0,0.0,sheffield utd,1.9,0.5,68.0,31194.0,Joel Ward,4-2-3-1,John Brooks,Match Report,crystal palace,sheffield utd vs crystal palace,7,9,15
496,2,2023-08-26,15:00,Premier League,Matchweek 3,2,0,1,1.0,1.0,brentford,0.8,1.0,40.0,16997.0,Joel Ward,4-2-3-1,Peter Bankes,Match Report,crystal palace,brentford vs crystal palace,7,15,3
501,9,2023-10-07,17:30,Premier League,Matchweek 8,2,1,1,0.0,0.0,nott'ham forest,0.8,1.0,52.0,25017.0,Marc Guéhi,4/3/2003,Craig Pawson,Match Report,crystal palace,nott'ham forest vs crystal palace,7,3,14
504,12,2023-11-04,15:00,Premier League,Matchweek 11,2,0,3,2.0,0.0,burnley,1.3,1.1,33.0,21578.0,Joel Ward,4-2-3-1,Peter Bankes,Match Report,crystal palace,burnley vs crystal palace,7,15,5
505,13,2023-11-11,15:00,Premier League,Matchweek 12,2,1,0,2.0,3.0,everton,2.2,1.5,67.0,25103.0,Joel Ward,4-2-3-1,Samuel Barrott,Match Report,crystal palace,everton vs crystal palace,7,20,8
506,14,2023-11-25,15:00,Premier League,Matchweek 13,2,0,0,1.0,2.0,luton town,1.6,0.9,61.0,11029.0,Joel Ward,4-2-3-1,Jarred Gillett,Match Report,crystal palace,luton town vs crystal palace,7,8,11
513,21,2023-12-30,15:00,Premier League,Matchweek 20,2,1,3,3.0,1.0,brentford,1.0,1.4,46.0,25472.0,Marc Guéhi,4/3/2003,Robert Jones,Match Report,crystal palace,brentford vs crystal palace,7,17,3
515,25,2024-01-30,20:00,Premier League,Matchweek 22,5,1,3,3.0,2.0,sheffield utd,1.1,0.8,53.0,24781.0,Marc Guéhi,4/3/2003,Tony Harrington,Match Report,crystal palace,sheffield utd vs crystal palace,7,26,15
518,28,2024-02-19,20:00,Premier League,Matchweek 25,1,0,1,1.0,1.0,everton,0.7,1.7,39.0,38164.0,Joel Ward,3/4/2003,Paul Tierney,Match Report,crystal palace,everton vs crystal palace,7,14,8
519,29,2024-02-24,15:00,Premier League,Matchweek 26,2,1,3,3.0,0.0,burnley,2.4,0.1,56.0,24042.0,Joel Ward,3/4/2003,Lewis Smith,Match Report,crystal palace,burnley vs crystal palace,7,11,5
521,31,2024-03-09,15:00,Premier League,Matchweek 28,2,1,1,1.0,1.0,luton town,2.7,0.8,49.0,25103.0,Joel Ward,3/4/2003,Sunny Singh,Match Report,crystal palace,luton town vs crystal palace,7,23,11
522,32,2024-03-30,15:00,Premier League,Matchweek 30,2,0,1,1.0,1.0,nott'ham forest,1.2,0.9,41.0,29520.0,Joel Ward,3/4/2003,Chris Kavanagh,Match Report,crystal palace,nott'ham forest vs crystal palace,7,2,14
537,6,2023-09-23,17:30,Premier League,Matchweek 6,2,1,0,1.0,3.0,everton,1.0,1.9,57.0,16981.0,Christian Nørgaard,4/3/2003,Michael Oliver,Match Report,brentford,everton vs brentford,3,12,8
538,8,2023-10-01,14:00,Premier League,Matchweek 7,3,0,1,1.0,1.0,nott'ham forest,1.6,0.5,59.0,29004.0,Christian Nørgaard,4/3/2003,Paul Tierney,Match Report,brentford,nott'ham forest vs brentford,3,14,14
540,10,2023-10-21,15:00,Premier League,Matchweek 9,2,1,3,3.0,0.0,burnley,3.1,1.1,50.0,17029.0,Christian Nørgaard,4/3/2003,Joshua Smith,Match Report,brentford,burnley vs brentford,3,10,5
545,15,2023-12-02,15:00,Premier League,Matchweek 14,2,1,3,3.0,1.0,luton town,3.1,0.2,68.0,17075.0,Christian Nørgaard,4/3/2003,Anthony Taylor,Match Report,brentford,luton town vs brentford,3,1,11
547,17,2023-12-09,15:00,Premier League,Matchweek 16,2,0,0,0.0,1.0,sheffield utd,0.6,0.8,59.0,28509.0,Christian Nørgaard,4/3/2003,Stuart Attwell,Match Report,brentford,sheffield utd vs brentford,3,22,15
551,23,2024-01-20,17:30,Premier League,Matchweek 21,2,1,3,3.0,2.0,nott'ham forest,1.2,1.2,48.0,17077.0,Ivan Toney,3/5/2002,Darren England,Match Report,brentford,nott'ham forest vs brentford,3,5,14
560,32,2024-03-16,15:00,Premier League,Matchweek 29,2,0,0,1.0,2.0,burnley,1.1,2.8,40.0,20431.0,Ivan Toney,3/5/2002,Darren Bond,Match Report,brentford,burnley vs brentford,3,4,5
564,36,2024-04-13,15:00,Premier League,Matchweek 33,2,1,3,2.0,0.0,sheffield utd,1.0,0.8,53.0,17115.0,Mathias Jensen,4/3/2003,Samuel Barrott,Match Report,brentford,sheffield utd vs brentford,3,20,15
573,4,2023-09-02,12:30,Premier League,Matchweek 4,2,0,1,2.0,2.0,sheffield utd,2.5,1.2,54.0,31124.0,James Tarkowski,4-4-1-1,Andy Madley,Match Report,everton,sheffield utd vs everton,8,0,15
576,8,2023-09-30,15:00,Premier League,Matchweek 7,2,1,0,1.0,2.0,luton town,2.9,0.9,67.0,39289.0,James Tarkowski,4-4-1-1,Anthony Taylor,Match Report,everton,luton town vs everton,8,1,11
583,16,2023-12-02,17:30,Premier League,Matchweek 14,2,0,3,1.0,0.0,nott'ham forest,0.7,0.7,39.0,29404.0,James Tarkowski,4-4-1-1,Paul Tierney,Match Report,everton,nott'ham forest vs everton,8,14,14
586,19,2023-12-16,17:30,Premier League,Matchweek 17,2,0,3,2.0,0.0,burnley,1.4,0.7,39.0,21413.0,James Tarkowski,5/4/2001,Anthony Taylor,Match Report,everton,burnley vs everton,8,1,5
600,37,2024-04-06,15:00,Premier League,Matchweek 32,2,1,3,1.0,0.0,burnley,0.9,0.5,38.0,39125.0,Séamus Coleman,4-4-1-1,Michael Oliver,Match Report,everton,burnley vs everton,8,12,5
609,1,2023-08-18,19:45,Premier League,Matchweek 2,0,1,3,2.0,1.0,sheffield utd,1.4,0.5,50.0,29432.0,Joe Worrall,3/4/2003,Peter Bankes,Match Report,nottingham forest,sheffield utd vs nottingham forest,15,15,15
612,5,2023-09-18,19:45,Premier League,Matchweek 5,1,1,1,1.0,1.0,burnley,0.7,0.5,46.0,28958.0,Joe Worrall,4-2-3-1,Robert Jones,Match Report,nottingham forest,burnley vs nottingham forest,15,17,5
616,9,2023-10-21,15:00,Premier League,Matchweek 9,2,1,1,2.0,2.0,luton town,2.9,1.7,57.0,29361.0,Serge Aurier,4/3/2003,Samuel Barrott,Match Report,nottingham forest,luton town vs nottingham forest,15,20,11
636,34,2024-03-16,15:00,Premier League,Matchweek 29,2,0,1,1.0,1.0,luton town,2.0,0.6,40.0,11630.0,Ryan Yates,4-2-3-1,Darren England,Match Report,nottingham forest,luton town vs nottingham forest,15,5,11
652,8,2023-10-03,19:30,Premier League,Matchweek 2,5,1,0,1.0,2.0,burnley,1.3,1.1,49.0,10918.0,Tom Lockyer,3/4/2003,Peter Bankes,Match Report,luton town,burnley vs luton town,11,15,5
663,19,2023-12-26,15:00,Premier League,Matchweek 19,5,0,3,3.0,2.0,sheffield utd,0.6,2.4,49.0,31041.0,Amari'i Bell,3/4/2003,Samuel Allison,Match Report,luton town,sheffield utd vs luton town,11,19,15
665,22,2024-01-12,19:45,Premier League,Matchweek 21,0,0,1,1.0,1.0,burnley,0.9,1.1,61.0,20155.0,Amari'i Bell,3/4/2003,Tony Harrington,Match Report,luton town,burnley vs luton town,11,26,5
668,27,2024-02-10,15:00,Premier League,Matchweek 24,2,1,0,1.0,3.0,sheffield utd,1.8,1.7,74.0,11138.0,Carlton Morris,3/4/2003,Chris Kavanagh,Match Report,luton town,sheffield utd vs luton town,11,2,15
697,16,2023-12-02,15:00,Premier League,Matchweek 14,2,1,3,5.0,0.0,sheffield utd,1.8,0.4,63.0,21478.0,Josh Brownhill,4/4/2002,Chris Kavanagh,Match Report,burnley,sheffield utd vs burnley,5,2,15
